{
	"credit": "Made with Blockbench",
	"parent": "builtin/entity",
	"texture_size": [128, 128],
	"textures": {
		"0": "block/arcademachinezeppy"
	},
	"elements": [
		{
			"name": "block",
			"from": [0, 0, 0],
			"to": [16, 16, 16],
			"rotation": {"angle": 0, "axis": "y", "origin": [8, 0, 8]},
			"faces": {
				"north": {"uv": [2, 2, 4, 4], "texture": "#0"},
				"east": {"uv": [0, 2, 2, 4], "texture": "#0"},
				"south": {"uv": [6, 2, 8, 4], "texture": "#0"},
				"west": {"uv": [4, 2, 6, 4], "texture": "#0"},
				"up": {"uv": [4, 2, 2, 0], "texture": "#0"},
				"down": {"uv": [6, 0, 4, 2], "texture": "#0"}
			}
		},
		{
			"name": "block",
			"from": [0, 16, 9],
			"to": [16, 27, 16],
			"rotation": {"angle": 0, "axis": "y", "origin": [8, 16, 8]},
			"faces": {
				"north": {"uv": [0.875, 7.5, 2.875, 8.875], "texture": "#0"},
				"east": {"uv": [0, 7.5, 0.875, 8.875], "texture": "#0"},
				"south": {"uv": [3.75, 7.5, 5.75, 8.875], "texture": "#0"},
				"west": {"uv": [2.875, 7.5, 3.75, 8.875], "texture": "#0"},
				"up": {"uv": [2.875, 7.5, 0.875, 6.625], "texture": "#0"},
				"down": {"uv": [4.875, 6.625, 2.875, 7.5], "texture": "#0"}
			}
		},
		{
			"name": "block",
			"from": [16, 16, 0],
			"to": [16, 27, 9],
			"rotation": {"angle": 0, "axis": "y", "origin": [8, 16, 8]},
			"faces": {
				"north": {"uv": [7.125, 4, 7.125, 5.375], "texture": "#0"},
				"east": {"uv": [6, 4, 7.125, 5.375], "texture": "#0"},
				"south": {"uv": [8.25, 4, 8.25, 5.375], "texture": "#0"},
				"west": {"uv": [7.125, 4, 8.25, 5.375], "texture": "#0"},
				"up": {"uv": [7.125, 4, 7.125, 2.875], "texture": "#0"},
				"down": {"uv": [7.125, 2.875, 7.125, 4], "texture": "#0"}
			}
		},
		{
			"name": "block",
			"from": [0, 16, 0],
			"to": [0, 27, 9],
			"rotation": {"angle": 0, "axis": "y", "origin": [8, 16, 8]},
			"faces": {
				"north": {"uv": [6.875, 6.625, 6.875, 8], "texture": "#0"},
				"east": {"uv": [8, 6.625, 6.875, 8], "texture": "#0"},
				"south": {"uv": [8, 6.625, 8, 8], "texture": "#0"},
				"west": {"uv": [6.875, 6.625, 5.75, 8], "texture": "#0"},
				"up": {"uv": [6.875, 6.625, 6.875, 5.5], "texture": "#0"},
				"down": {"uv": [6.875, 5.5, 6.875, 6.625], "texture": "#0"}
			}
		},
		{
			"name": "block",
			"from": [0, 27, 0],
			"to": [16, 32, 16],
			"rotation": {"angle": 0, "axis": "y", "origin": [8, 18, 8]},
			"faces": {
				"north": {"uv": [2, 6, 4, 6.625], "texture": "#0"},
				"east": {"uv": [0, 6, 2, 6.625], "texture": "#0"},
				"south": {"uv": [6, 6, 8, 6.625], "texture": "#0"},
				"west": {"uv": [4, 6, 6, 6.625], "texture": "#0"},
				"up": {"uv": [4, 6, 2, 4], "texture": "#0"},
				"down": {"uv": [6, 4, 4, 6], "texture": "#0"}
			}
		}
	],
	"groups": [
		{
			"name": "block",
			"origin": [8, 0, 8],
			"color": 0,
			"children": [0, 1, 2, 3, 4]
		}
	]
}