{
	"credit": "Made with Blockbench",
	"texture_size": [256, 256],
	"textures": {
		"0": "goopyutil:block/desk"
	},
	"elements": [
		{
			"from": [-16, 0, 0],
			"to": [-14, 16, 16],
			"rotation": {"angle": 0, "axis": "y", "origin": [-15, 0, 8]},
			"faces": {
				"north": {"uv": [4, 4.6875, 4.125, 5.6875], "texture": "#0"},
				"east": {"uv": [3, 4.6875, 4, 5.6875], "texture": "#0"},
				"south": {"uv": [5.125, 4.6875, 5.25, 5.6875], "texture": "#0"},
				"west": {"uv": [4.125, 4.6875, 5.125, 5.6875], "texture": "#0"},
				"up": {"uv": [4.125, 4.6875, 4, 3.6875], "texture": "#0"},
				"down": {"uv": [4.25, 3.6875, 4.125, 4.6875], "texture": "#0"}
			}
		},
		{
			"from": [30, 0, 0],
			"to": [32, 16, 16],
			"rotation": {"angle": 0, "axis": "y", "origin": [31, 0, 8]},
			"faces": {
				"north": {"uv": [4.125, 4.6875, 4, 5.6875], "texture": "#0"},
				"east": {"uv": [5.125, 4.6875, 4.125, 5.6875], "texture": "#0"},
				"south": {"uv": [5.25, 4.6875, 5.125, 5.6875], "texture": "#0"},
				"west": {"uv": [4, 4.6875, 3, 5.6875], "texture": "#0"},
				"up": {"uv": [4, 4.6875, 4.125, 3.6875], "texture": "#0"},
				"down": {"uv": [4.125, 3.6875, 4.25, 4.6875], "texture": "#0"}
			}
		},
		{
			"from": [-14, 0, 2],
			"to": [30, 16, 2],
			"rotation": {"angle": 0, "axis": "y", "origin": [-15, 0, 9]},
			"faces": {
				"north": {"uv": [0, 2.3125, 2.75, 3.3125], "texture": "#0"},
				"east": {"uv": [0, 2.3125, 0, 3.3125], "texture": "#0"},
				"south": {"uv": [2.75, 2.3125, 5.5, 3.3125], "texture": "#0"},
				"west": {"uv": [2.75, 2.3125, 2.75, 3.3125], "texture": "#0"},
				"up": {"uv": [2.75, 2.3125, 0, 2.3125], "texture": "#0"},
				"down": {"uv": [5.5, 2.3125, 2.75, 2.3125], "texture": "#0"}
			}
		},
		{
			"from": [-16, 16, -1],
			"to": [32, 18, 16],
			"rotation": {"angle": 0, "axis": "y", "origin": [-15, 2, 8]},
			"faces": {
				"north": {"uv": [1.0625, 1.0625, 4.0625, 1.1875], "texture": "#0"},
				"east": {"uv": [0, 1.0625, 1.0625, 1.1875], "texture": "#0"},
				"south": {"uv": [5.125, 1.0625, 8.125, 1.1875], "texture": "#0"},
				"west": {"uv": [4.0625, 1.0625, 5.125, 1.1875], "texture": "#0"},
				"up": {"uv": [4.0625, 1.0625, 1.0625, 0], "texture": "#0"},
				"down": {"uv": [7.0625, 0, 4.0625, 1.0625], "texture": "#0"}
			}
		},
		{
			"from": [23, 18, 7],
			"to": [30, 25, 14],
			"rotation": {"angle": 0, "axis": "y", "origin": [-17, 4, 12]},
			"faces": {
				"north": {"uv": [2.9375, 6.125, 3.375, 6.5625], "texture": "#0"},
				"east": {"uv": [2.5, 6.125, 2.9375, 6.5625], "texture": "#0"},
				"south": {"uv": [3.8125, 6.125, 4.25, 6.5625], "texture": "#0"},
				"west": {"uv": [3.375, 6.125, 3.8125, 6.5625], "texture": "#0"},
				"up": {"uv": [3.375, 6.125, 2.9375, 5.6875], "texture": "#0"},
				"down": {"uv": [3.8125, 5.6875, 3.375, 6.125], "texture": "#0"}
			}
		},
		{
			"from": [15, 18, 5],
			"to": [23, 22, 12],
			"rotation": {"angle": 0, "axis": "y", "origin": [-24, 4, 10]},
			"faces": {
				"north": {"uv": [6.1875, 2.3125, 6.6875, 2.5625], "texture": "#0"},
				"east": {"uv": [5.75, 2.3125, 6.1875, 2.5625], "texture": "#0"},
				"south": {"uv": [7.125, 2.3125, 7.625, 2.5625], "texture": "#0"},
				"west": {"uv": [6.6875, 2.3125, 7.125, 2.5625], "texture": "#0"},
				"up": {"uv": [6.6875, 2.3125, 6.1875, 1.875], "texture": "#0"},
				"down": {"uv": [7.1875, 1.875, 6.6875, 2.3125], "texture": "#0"}
			}
		},
		{
			"from": [16, 22, 5],
			"to": [21, 27, 10],
			"rotation": {"angle": 0, "axis": "y", "origin": [-24, 8, 10]},
			"faces": {
				"north": {"uv": [1.5625, 6.6875, 1.875, 7], "texture": "#0"},
				"east": {"uv": [1.25, 6.6875, 1.5625, 7], "texture": "#0"},
				"south": {"uv": [2.1875, 6.6875, 2.5, 7], "texture": "#0"},
				"west": {"uv": [1.875, 6.6875, 2.1875, 7], "texture": "#0"},
				"up": {"uv": [1.875, 6.6875, 1.5625, 6.375], "texture": "#0"},
				"down": {"uv": [2.1875, 6.375, 1.875, 6.6875], "texture": "#0"}
			}
		},
		{
			"from": [-7, 18, 6],
			"to": [-1, 24, 12],
			"rotation": {"angle": 0, "axis": "y", "origin": [-47, 5, 11]},
			"faces": {
				"north": {"uv": [4.25, 6.5625, 4.625, 6.9375], "texture": "#0"},
				"east": {"uv": [3.875, 6.5625, 4.25, 6.9375], "texture": "#0"},
				"south": {"uv": [5, 6.5625, 5.375, 6.9375], "texture": "#0"},
				"west": {"uv": [4.625, 6.5625, 5, 6.9375], "texture": "#0"},
				"up": {"uv": [4.625, 6.5625, 4.25, 6.1875], "texture": "#0"},
				"down": {"uv": [5, 6.1875, 4.625, 6.5625], "texture": "#0"}
			}
		},
		{
			"name": "camera_monitor",
			"from": [-6, 19, 5.975],
			"to": [-2, 23, 5.975],
			"rotation": {"angle": 0, "axis": "y", "origin": [-47, 5, 10.975]},
			"faces": {
				"north": {"uv": [4.3125, 6.625, 4.5625, 6.875], "texture": "#0"},
				"east": {"uv": [4.3125, 6.625, 4.3125, 6.875], "texture": "#0"},
				"south": {"uv": [4.5625, 6.625, 4.8125, 6.875], "texture": "#0"},
				"west": {"uv": [4.5625, 6.625, 4.5625, 6.875], "texture": "#0"},
				"up": {"uv": [4.5625, 6.625, 4.3125, 6.625], "texture": "#0"},
				"down": {"uv": [4.8125, 6.625, 4.5625, 6.625], "texture": "#0"}
			}
		},
		{
			"from": [-7, 24, 7],
			"to": [-2, 30, 12],
			"rotation": {"angle": 0, "axis": "y", "origin": [-47, 11, 11]},
			"faces": {
				"north": {"uv": [0.3125, 6.6875, 0.625, 7.0625], "texture": "#0"},
				"east": {"uv": [0, 6.6875, 0.3125, 7.0625], "texture": "#0"},
				"south": {"uv": [0.9375, 6.6875, 1.25, 7.0625], "texture": "#0"},
				"west": {"uv": [0.625, 6.6875, 0.9375, 7.0625], "texture": "#0"},
				"up": {"uv": [0.625, 6.6875, 0.3125, 6.375], "texture": "#0"},
				"down": {"uv": [0.9375, 6.375, 0.625, 6.6875], "texture": "#0"}
			}
		},
		{
			"from": [10, 18, 9],
			"to": [15, 23, 14],
			"rotation": {"angle": 0, "axis": "y", "origin": [-30, 4, 14]},
			"faces": {
				"north": {"uv": [6.5625, 5.375, 6.875, 5.6875], "texture": "#0"},
				"east": {"uv": [6.25, 5.375, 6.5625, 5.6875], "texture": "#0"},
				"south": {"uv": [7.1875, 5.375, 7.5, 5.6875], "texture": "#0"},
				"west": {"uv": [6.875, 5.375, 7.1875, 5.6875], "texture": "#0"},
				"up": {"uv": [6.875, 5.375, 6.5625, 5.0625], "texture": "#0"},
				"down": {"uv": [7.1875, 5.0625, 6.875, 5.375], "texture": "#0"}
			}
		},
		{
			"from": [-15, 18, 4],
			"to": [-7, 26, 12],
			"rotation": {"angle": 0, "axis": "y", "origin": [-56, 4, 12]},
			"faces": {
				"north": {"uv": [5.25, 5.6875, 5.75, 6.1875], "texture": "#0"},
				"east": {"uv": [4.75, 5.6875, 5.25, 6.1875], "texture": "#0"},
				"south": {"uv": [6.25, 5.6875, 6.75, 6.1875], "texture": "#0"},
				"west": {"uv": [5.75, 5.6875, 6.25, 6.1875], "texture": "#0"},
				"up": {"uv": [5.75, 5.6875, 5.25, 5.1875], "texture": "#0"},
				"down": {"uv": [6.25, 5.1875, 5.75, 5.6875], "texture": "#0"}
			}
		},
		{
			"from": [-10, 18, 2],
			"to": [-8, 20, 4],
			"rotation": {"angle": 0, "axis": "y", "origin": [-57, 4, 10]},
			"faces": {
				"north": {"uv": [0.125, 3.75, 0.25, 3.875], "texture": "#0"},
				"east": {"uv": [0, 3.75, 0.125, 3.875], "texture": "#0"},
				"south": {"uv": [0.375, 3.75, 0.5, 3.875], "texture": "#0"},
				"west": {"uv": [0.25, 3.75, 0.375, 3.875], "texture": "#0"},
				"up": {"uv": [0.25, 3.75, 0.125, 3.625], "texture": "#0"},
				"down": {"uv": [0.375, 3.625, 0.25, 3.75], "texture": "#0"}
			}
		},
		{
			"from": [20, 18, 3],
			"to": [22, 20, 5],
			"rotation": {"angle": 0, "axis": "y", "origin": [-27, 4, 11]},
			"faces": {
				"north": {"uv": [3.6875, 3.5625, 3.8125, 3.6875], "texture": "#0"},
				"east": {"uv": [3.5625, 3.5625, 3.6875, 3.6875], "texture": "#0"},
				"south": {"uv": [3.9375, 3.5625, 4.0625, 3.6875], "texture": "#0"},
				"west": {"uv": [3.8125, 3.5625, 3.9375, 3.6875], "texture": "#0"},
				"up": {"uv": [3.8125, 3.5625, 3.6875, 3.4375], "texture": "#0"},
				"down": {"uv": [3.9375, 3.4375, 3.8125, 3.5625], "texture": "#0"}
			}
		},
		{
			"from": [18, 18, 1],
			"to": [20, 20, 3],
			"rotation": {"angle": 0, "axis": "y", "origin": [-29, 4, 9]},
			"faces": {
				"north": {"uv": [3.3125, 3.4375, 3.4375, 3.5625], "texture": "#0"},
				"east": {"uv": [3.1875, 3.4375, 3.3125, 3.5625], "texture": "#0"},
				"south": {"uv": [3.5625, 3.4375, 3.6875, 3.5625], "texture": "#0"},
				"west": {"uv": [3.4375, 3.4375, 3.5625, 3.5625], "texture": "#0"},
				"up": {"uv": [3.4375, 3.4375, 3.3125, 3.3125], "texture": "#0"},
				"down": {"uv": [3.5625, 3.3125, 3.4375, 3.4375], "texture": "#0"}
			}
		},
		{
			"from": [16, 18, 2],
			"to": [18, 21, 4],
			"rotation": {"angle": 0, "axis": "y", "origin": [-32, 4, 10]},
			"faces": {
				"north": {"uv": [0.125, 3.4375, 0.25, 3.625], "texture": "#0"},
				"east": {"uv": [0, 3.4375, 0.125, 3.625], "texture": "#0"},
				"south": {"uv": [0.375, 3.4375, 0.5, 3.625], "texture": "#0"},
				"west": {"uv": [0.25, 3.4375, 0.375, 3.625], "texture": "#0"},
				"up": {"uv": [0.25, 3.4375, 0.125, 3.3125], "texture": "#0"},
				"down": {"uv": [0.375, 3.3125, 0.25, 3.4375], "texture": "#0"}
			}
		},
		{
			"from": [15.5, 21, 1.5],
			"to": [18.5, 22, 4.5],
			"rotation": {"angle": 0, "axis": "y", "origin": [-32.5, 4, 10.5]},
			"faces": {
				"north": {"uv": [0.1875, 0.9375, 0.375, 1], "texture": "#0"},
				"east": {"uv": [0, 0.9375, 0.1875, 1], "texture": "#0"},
				"south": {"uv": [0.5625, 0.9375, 0.75, 1], "texture": "#0"},
				"west": {"uv": [0.375, 0.9375, 0.5625, 1], "texture": "#0"},
				"up": {"uv": [0.375, 0.9375, 0.1875, 0.75], "texture": "#0"},
				"down": {"uv": [0.5625, 0.75, 0.375, 0.9375], "texture": "#0"}
			}
		},
		{
			"from": [15.5, 22, 3],
			"to": [17.5, 24, 3],
			"rotation": {"angle": 0, "axis": "y", "origin": [-32.5, 8, 10]},
			"faces": {
				"north": {"uv": [0, 0, 0.125, 0.125], "texture": "#0"},
				"east": {"uv": [0, 0, 0, 0.125], "texture": "#0"},
				"south": {"uv": [0.125, 0, 0.25, 0.125], "texture": "#0"},
				"west": {"uv": [0.125, 0, 0.125, 0.125], "texture": "#0"},
				"up": {"uv": [0.125, 0, 0, 0], "texture": "#0"},
				"down": {"uv": [0.25, 0, 0.125, 0], "texture": "#0"}
			}
		},
		{
			"from": [29, 18, 4],
			"to": [31, 20, 6],
			"rotation": {"angle": 0, "axis": "y", "origin": [-18, 4, 12]},
			"faces": {
				"north": {"uv": [3.3125, 3.6875, 3.4375, 3.8125], "texture": "#0"},
				"east": {"uv": [3.1875, 3.6875, 3.3125, 3.8125], "texture": "#0"},
				"south": {"uv": [3.5625, 3.6875, 3.6875, 3.8125], "texture": "#0"},
				"west": {"uv": [3.4375, 3.6875, 3.5625, 3.8125], "texture": "#0"},
				"up": {"uv": [3.4375, 3.6875, 3.3125, 3.5625], "texture": "#0"},
				"down": {"uv": [3.5625, 3.5625, 3.4375, 3.6875], "texture": "#0"}
			}
		},
		{
			"from": [-15, 26, 4],
			"to": [-7, 30, 11],
			"rotation": {"angle": 0, "axis": "y", "origin": [-56, 12, 12]},
			"faces": {
				"north": {"uv": [6.1875, 1.625, 6.6875, 1.875], "texture": "#0"},
				"east": {"uv": [5.75, 1.625, 6.1875, 1.875], "texture": "#0"},
				"south": {"uv": [7.125, 1.625, 7.625, 1.875], "texture": "#0"},
				"west": {"uv": [6.6875, 1.625, 7.125, 1.875], "texture": "#0"},
				"up": {"uv": [6.6875, 1.625, 6.1875, 1.1875], "texture": "#0"},
				"down": {"uv": [7.1875, 1.1875, 6.6875, 1.625], "texture": "#0"}
			}
		},
		{
			"from": [-13.5, 31, 5.75],
			"to": [-10.5, 32, 5.75],
			"rotation": {"angle": 0, "axis": "y", "origin": [-56.5, 17.75, 12.75]},
			"faces": {
				"north": {"uv": [0, 9.8125, 0.1875, 9.875], "texture": "#0"},
				"east": {"uv": [0, 9.8125, 0, 9.875], "texture": "#0"},
				"south": {"uv": [0.1875, 9.8125, 0.375, 9.875], "texture": "#0"},
				"west": {"uv": [0.1875, 9.8125, 0.1875, 9.875], "texture": "#0"},
				"up": {"uv": [0.1875, 9.8125, 0, 9.8125], "texture": "#0"},
				"down": {"uv": [0.375, 9.8125, 0.1875, 9.8125], "texture": "#0"}
			}
		},
		{
			"from": [-11, 0, 3],
			"to": [-1, 17, 13],
			"rotation": {"angle": 0, "axis": "y", "origin": [-6, 8.5, 8]},
			"faces": {
				"north": {"uv": [0.625, 5.3125, 1.25, 6.375], "texture": "#0"},
				"east": {"uv": [0, 5.3125, 0.625, 6.375], "texture": "#0"},
				"south": {"uv": [1.875, 5.3125, 2.5, 6.375], "texture": "#0"},
				"west": {"uv": [1.25, 5.3125, 1.875, 6.375], "texture": "#0"},
				"up": {"uv": [1.25, 5.3125, 0.625, 4.6875], "texture": "#0"},
				"down": {"uv": [1.875, 4.6875, 1.25, 5.3125], "texture": "#0"}
			}
		},
		{
			"from": [11, 7, 1],
			"to": [30, 16, 14],
			"rotation": {"angle": 0, "axis": "y", "origin": [-15, 0, 8]},
			"faces": {
				"north": {"uv": [0.8125, 4.125, 2, 4.6875], "texture": "#0"},
				"east": {"uv": [0, 4.125, 0.8125, 4.6875], "texture": "#0"},
				"south": {"uv": [2.8125, 4.125, 4, 4.6875], "texture": "#0"},
				"west": {"uv": [2, 4.125, 2.8125, 4.6875], "texture": "#0"},
				"up": {"uv": [2, 4.125, 0.8125, 3.3125], "texture": "#0"},
				"down": {"uv": [3.1875, 3.3125, 2, 4.125], "texture": "#0"}
			}
		},
		{
			"from": [-14, 0, 14],
			"to": [30, 16, 16],
			"rotation": {"angle": 0, "axis": "y", "origin": [-15, 0, 8]},
			"faces": {
				"north": {"uv": [0.125, 1.3125, 2.875, 2.3125], "texture": "#0"},
				"east": {"uv": [0, 1.3125, 0.125, 2.3125], "texture": "#0"},
				"south": {"uv": [3, 1.3125, 5.75, 2.3125], "texture": "#0"},
				"west": {"uv": [2.875, 1.3125, 3, 2.3125], "texture": "#0"},
				"up": {"uv": [2.875, 1.3125, 0.125, 1.1875], "texture": "#0"},
				"down": {"uv": [5.625, 1.1875, 2.875, 1.3125], "texture": "#0"}
			}
		},
		{
			"from": [-5, 0.2, 3],
			"to": [8, 0.2, 15],
			"rotation": {"angle": 0, "axis": "y", "origin": [-19, 0.2, -3]},
			"faces": {
				"north": {"uv": [5.25, 5.0625, 6.0625, 5.0625], "texture": "#0"},
				"east": {"uv": [4.5, 5.0625, 5.25, 5.0625], "texture": "#0"},
				"south": {"uv": [6.8125, 5.0625, 7.625, 5.0625], "texture": "#0"},
				"west": {"uv": [6.0625, 5.0625, 6.8125, 5.0625], "texture": "#0"},
				"up": {"uv": [6.0625, 5.0625, 5.25, 4.3125], "texture": "#0"},
				"down": {"uv": [6.875, 4.3125, 6.0625, 5.0625], "texture": "#0"}
			}
		},
		{
			"from": [0, 23, 6],
			"to": [7, 30, 7],
			"rotation": {"angle": 0, "axis": "y", "origin": [-11, 8, 11]},
			"faces": {
				"north": {"uv": [1.9375, 4.75, 2.375, 5.1875], "texture": "#0"},
				"east": {"uv": [1.875, 4.75, 1.9375, 5.1875], "texture": "#0"},
				"south": {"uv": [2.4375, 4.75, 2.875, 5.1875], "texture": "#0"},
				"west": {"uv": [2.375, 4.75, 2.4375, 5.1875], "texture": "#0"},
				"up": {"uv": [2.375, 4.75, 1.9375, 4.6875], "texture": "#0"},
				"down": {"uv": [2.8125, 4.6875, 2.375, 4.75], "texture": "#0"}
			}
		},
		{
			"from": [-1, 22, 5],
			"to": [8, 31, 8],
			"rotation": {"angle": 0, "axis": "y", "origin": [3.5, 26.5, 6.5]},
			"faces": {
				"north": {"uv": [5.5625, 6.375, 6.125, 6.9375], "texture": "#0"},
				"east": {"uv": [5.375, 6.375, 5.5625, 6.9375], "texture": "#0"},
				"south": {"uv": [6.3125, 6.375, 6.875, 6.9375], "texture": "#0"},
				"west": {"uv": [6.125, 6.375, 6.3125, 6.9375], "texture": "#0"},
				"up": {"uv": [6.125, 6.375, 5.5625, 6.1875], "texture": "#0"},
				"down": {"uv": [6.6875, 6.1875, 6.125, 6.375], "texture": "#0"}
			}
		},
		{
			"from": [2, 19, 7],
			"to": [5, 27, 11],
			"rotation": {"angle": 0, "axis": "y", "origin": [-14, 6, 13]},
			"faces": {
				"north": {"uv": [0.25, 0.25, 0.4375, 0.75], "texture": "#0"},
				"east": {"uv": [0, 0.25, 0.25, 0.75], "texture": "#0"},
				"south": {"uv": [0.6875, 0.25, 0.875, 0.75], "texture": "#0"},
				"west": {"uv": [0.4375, 0.25, 0.6875, 0.75], "texture": "#0"},
				"up": {"uv": [0.4375, 0.25, 0.25, 0], "texture": "#0"},
				"down": {"uv": [0.625, 0, 0.4375, 0.25], "texture": "#0"}
			}
		},
		{
			"from": [0, 18, 4],
			"to": [7, 19, 12],
			"rotation": {"angle": 0, "axis": "y", "origin": [-16, 4, 13]},
			"faces": {
				"north": {"uv": [6.25, 3.0625, 6.6875, 3.125], "texture": "#0"},
				"east": {"uv": [5.75, 3.0625, 6.25, 3.125], "texture": "#0"},
				"south": {"uv": [7.1875, 3.0625, 7.625, 3.125], "texture": "#0"},
				"west": {"uv": [6.6875, 3.0625, 7.1875, 3.125], "texture": "#0"},
				"up": {"uv": [6.6875, 3.0625, 6.25, 2.5625], "texture": "#0"},
				"down": {"uv": [7.125, 2.5625, 6.6875, 3.0625], "texture": "#0"}
			}
		}
	],
	"groups": [
		{
			"name": "desk",
			"origin": [31, 0, 8],
			"color": 0,
			"children": [
				0,
				1,
				2,
				3,
				4,
				5,
				6,
				7,
				8,
				9,
				10,
				11,
				12,
				13,
				14,
				15,
				16,
				17,
				18,
				19,
				20,
				21,
				22,
				23,
				24,
				{
					"name": "bone",
					"origin": [3.5, 18, 8],
					"color": 0,
					"children": [
						{
							"name": "bone2",
							"origin": [3.5, 26.5, 6.5],
							"color": 0,
							"children": [25]
						},
						26,
						27,
						28
					]
				}
			]
		}
	],
	"render_type" : "cutout"
}