{
	"credit": "Made with Blockbench",
	"texture_size": [32, 32],
	"textures": {
		"0": "goopyutil:block/camera",
		"particle": "goopyutil:block/camera"
	},
	"elements": [
		{
			"from": [6, 6, 15.9],
			"to": [10, 10, 15.9],
			"faces": {
				"north": {"uv": [6, 6.5, 8, 8.5], "texture": "#0"},
				"east": {"uv": [6, 6.5, 6, 8.5], "texture": "#0"},
				"south": {"uv": [8, 6.5, 6, 8.5], "texture": "#0"},
				"west": {"uv": [8, 6.5, 8, 8.5], "texture": "#0"},
				"up": {"uv": [8, 6.5, 6, 6.5], "texture": "#0"},
				"down": {"uv": [10, 6.5, 8, 6.5], "texture": "#0"}
			}
		},
		{
			"from": [8, 7, 9.9],
			"to": [8, 12, 15.9],
			"faces": {
				"north": {"uv": [3, 5.5, 3, 8], "texture": "#0"},
				"east": {"uv": [6, 5.5, 3, 8], "texture": "#0"},
				"south": {"uv": [6, 5.5, 6, 8], "texture": "#0"},
				"west": {"uv": [3, 5.5, 6, 8], "texture": "#0"},
				"up": {"uv": [3, 5.5, 3, 2.5], "texture": "#0"},
				"down": {"uv": [3, 2.5, 3, 5.5], "texture": "#0"}
			}
		}
	],
	"render_type" : "cutout"
}