{
	"credit": "Made with Blockbench",
	"render_type": "cutout",
	"texture_size": [32, 32],
	"textures": {
		"0": "goopyutil:block/camera",
		"particle": "goopyutil:block/camera"
	},
	"elements": [
		{
			"from": [6, 15.95, 12],
			"to": [10, 15.95, 16],
			"rotation": {"angle": 0, "axis": "x", "origin": [8, 8.75, 14.4]},
			"faces": {
				"north": {"uv": [8, 6.5, 6, 6.5], "rotation": 180, "texture": "#0"},
				"east": {"uv": [6, 6.5, 6, 8.5], "rotation": 90, "texture": "#0"},
				"south": {"uv": [10, 6.5, 8, 6.5], "texture": "#0"},
				"west": {"uv": [8, 6.5, 8, 8.5], "rotation": 270, "texture": "#0"},
				"up": {"uv": [8, 6.5, 6, 8.5], "texture": "#0"},
				"down": {"uv": [6, 6.5, 8, 8.5], "rotation": 180, "texture": "#0"}
			}
		},
		{
			"from": [8, 9.95, 10],
			"to": [8, 15.95, 15],
			"rotation": {"angle": 0, "axis": "x", "origin": [8, 8.75, 14.4]},
			"faces": {
				"north": {"uv": [3, 5.5, 3, 2.5], "rotation": 180, "texture": "#0"},
				"east": {"uv": [6, 5.5, 3, 8], "rotation": 90, "texture": "#0"},
				"south": {"uv": [3, 2.5, 3, 5.5], "texture": "#0"},
				"west": {"uv": [3, 5.5, 6, 8], "rotation": 270, "texture": "#0"},
				"up": {"uv": [6, 5.5, 6, 8], "texture": "#0"},
				"down": {"uv": [3, 5.5, 3, 8], "rotation": 180, "texture": "#0"}
			}
		}
	]
}