{
	"credit": "Made with Blockbench",
	"texture_size": [64, 64],
	"textures": {
		"0": "goopyutil:block/computer",
		"particle": "goopyutil:block/computer"
	},
	"elements": [
		{
			"from": [4, 0, 0],
			"to": [15, 1, 4],
			"faces": {
				"north": {"uv": [4, 7, 6.75, 7.25], "texture": "#0"},
				"east": {"uv": [4.75, 3.5, 5.75, 3.75], "texture": "#0"},
				"south": {"uv": [7.25, 2, 10, 2.25], "texture": "#0"},
				"west": {"uv": [4.75, 3.75, 5.75, 4], "texture": "#0"},
				"up": {"uv": [6.75, 7, 4, 6], "texture": "#0"},
				"down": {"uv": [9, 3.5, 6.25, 4.5], "texture": "#0"}
			}
		},
		{
			"from": [1, 0, 0.25],
			"to": [3, 1, 3.25],
			"rotation": {"angle": -22.5, "axis": "y", "origin": [1, 0.5, 1.5]},
			"faces": {
				"north": {"uv": [5.75, 3.5, 6.25, 3.75], "texture": "#0"},
				"east": {"uv": [2, 5.75, 2.75, 6], "texture": "#0"},
				"south": {"uv": [5.75, 3.75, 6.25, 4], "texture": "#0"},
				"west": {"uv": [0.5, 7, 1.25, 7.25], "texture": "#0"},
				"up": {"uv": [2.5, 5.75, 2, 5], "texture": "#0"},
				"down": {"uv": [0.5, 7, 0, 7.75], "texture": "#0"}
			}
		},
		{
			"from": [2.5, 0, 5],
			"to": [13.5, 3, 15],
			"rotation": {"angle": 0, "axis": "y", "origin": [0.5, 0, 0]},
			"faces": {
				"north": {"uv": [6.25, 4.5, 9, 5.25], "texture": "#0"},
				"east": {"uv": [6.75, 0, 9.25, 0.75], "texture": "#0"},
				"south": {"uv": [6.25, 5.25, 9, 6], "texture": "#0"},
				"west": {"uv": [6.75, 0.75, 9.25, 1.5], "texture": "#0"},
				"up": {"uv": [2.75, 2.5, 0, 0], "texture": "#0"},
				"down": {"uv": [2.75, 2.5, 0, 5], "texture": "#0"}
			}
		},
		{
			"from": [4, 3, 7],
			"to": [12, 11, 14],
			"faces": {
				"north": {"uv": [2.75, 0, 4.75, 2], "texture": "#0"},
				"east": {"uv": [2.75, 4, 4.5, 6], "texture": "#0"},
				"south": {"uv": [2.75, 2, 4.75, 4], "texture": "#0"},
				"west": {"uv": [4.5, 4, 6.25, 6], "texture": "#0"},
				"up": {"uv": [6.75, 1.75, 4.75, 0], "texture": "#0"},
				"down": {"uv": [6.75, 1.75, 4.75, 3.5], "texture": "#0"}
			}
		},
		{
			"from": [4, 4, 14],
			"to": [12, 10, 16],
			"faces": {
				"north": {"uv": [0, 5, 2, 6.5], "texture": "#0"},
				"east": {"uv": [6.75, 2, 7.25, 3.5], "texture": "#0"},
				"south": {"uv": [2, 6, 4, 7.5], "texture": "#0"},
				"west": {"uv": [6.75, 6, 7.25, 7.5], "texture": "#0"},
				"up": {"uv": [2, 7, 0, 6.5], "texture": "#0"},
				"down": {"uv": [8.75, 1.5, 6.75, 2], "texture": "#0"}
			}
		}
	],
	"groups": [
		{
			"name": "pc",
			"origin": [8, 8, 8],
			"color": 0,
			"children": [0, 1, 2, 3, 4]
		}
	]
}