{
    "targets": [
        "swap"
    ],
    "passes": [
        {
            "name": "color_convolve",
            "intarget": "minecraft:main",
            "outtarget": "swap",
            "uniforms": [
                {
                    "name": "Saturation",
                    "values": [ 1.1 ]
                },
                {
                    "name": "RedMatrix",
                    "values": [ 0.5, 0.5, 0.5 ]
                },
                {
                    "name": "GreenMatrix",
                    "values": [ 0.75, 0.75, 0.75 ]
                },
                {
                    "name": "BlueMatrix",
                    "values": [ 0.65, 0.65, 0.65 ]
                }
            ]
        },
        {
            "name": "bits",
            "intarget": "swap",
            "outtarget": "minecraft:main",
            "uniforms": [
                {
                    "name": "Resolution",
                    "values": [ 32.0 ]
                },
                {
                    "name": "MosaicSize",
                    "values": [ 4.0 ]
                }
            ]
        }
    ]
}
