{
    "targets": [
        "swap"
    ],
    "passes": [
        {
            "name": "color_convolve",
            "intarget": "minecraft:main",
            "outtarget": "swap",
            "uniforms": [
                {
                    "name": "Saturation",
                    "values": [ 0.2 ]
                }
            ]
        },
        {
            "name": "bits",
            "intarget": "swap",
            "outtarget": "minecraft:main",
            "uniforms": [
                {
                    "name": "Resolution",
                    "values": [ 32.0 ]
                },
                {
                    "name": "MosaicSize",
                    "values": [ 4.0 ]
                }
            ]
        }
    ]
}
