{
	"format_version": "1.12.0",
	"minecraft:geometry": [
		{
			"description": {
				"identifier": "geometry.tablet",
				"texture_width": 64,
				"texture_height": 64,
				"visible_bounds_width": 7,
				"visible_bounds_height": 3,
				"visible_bounds_offset": [0, 0.5, 0]
			},
			"bones": [
				{
					"name": "monitor",
					"pivot": [0, 4, -4.5],
					"rotation": [180, 0, 0],
					"cubes": [
						{
							"origin": [-6, 3.5, -8.5],
							"size": [12, 1, 8],
							"pivot": [0, 4, -4.5],
							"rotation": [90, 0, 0],
							"uv": {
								"north": {"uv": [8, 8], "uv_size": [12, 1]},
								"east": {"uv": [0, 8], "uv_size": [8, 1]},
								"south": {"uv": [28, 8], "uv_size": [12, 1]},
								"west": {"uv": [20, 8], "uv_size": [8, 1]},
								"up": {"uv": [8, 0], "uv_size": [12, 8]},
								"down": {"uv": [20, 8], "uv_size": [12, -8]}
							}
						}
					]
				},
				{
					"name": "screen",
					"parent": "monitor",
					"pivot": [0, 4, -4.95],
					"cubes": [
						{
							"origin": [-5, 4, -7.95],
							"size": [10, 0, 6],
							"pivot": [0, 4, -4.95],
							"rotation": [90, 0, 0],
							"uv": {
								"north": {"uv": [8, 8], "uv_size": [10, 0]},
								"east": {"uv": [0, 8], "uv_size": [6, 0]},
								"south": {"uv": [28, 8], "uv_size": [10, 0]},
								"west": {"uv": [20, 8], "uv_size": [6, 0]},
								"up": {"uv": [0, 9], "uv_size": [10, 6]},
								"down": {"uv": [10, 15], "uv_size": [10, -6]}
							}
						}
					]
				},
				{
					"name": "right",
					"pivot": [-6, 2, 8],
					"rotation": [90, 0, 0]
				},
				{
					"name": "left",
					"pivot": [6, 2, 8],
					"rotation": [90, 0, 0]
				}
			]
		}
	]
}