{
	"blend": {
		"func": "add",
		"srcrgb": "srcalpha",
		"dstrgb": "1-srcalpha"
	},
	"vertex": "goopyutil:warp",
	"fragment": "goopyutil:warp",
	"attributes": [
		"Position",
		"UV0"
	],
	"samplers": [
		{ "name": "Sampler0" }
	],
	"uniforms": [
		{ "name": "ModelViewMat", "type": "matrix4x4", "count": 16, "values": [ 1.0, 0.0, 0.0, 0.0, 0.0, 1.0, 0.0, 0.0, 0.0, 0.0, 1.0, 0.0, 0.0, 0.0, 0.0, 1.0 ] },
		{ "name": "ProjMat", "type": "matrix4x4", "count": 16, "values": [ 1.0, 0.0, 0.0, 0.0, 0.0, 1.0, 0.0, 0.0, 0.0, 0.0, 1.0, 0.0, 0.0, 0.0, 0.0, 1.0 ] },
		{ "name": "time", "type": "float", "count": 1, "values": [ 0 ] },
		{ "name": "scanLineIntensity", "type": "float", "count": 1, "values": [ 0 ] },
		{ "name": "Saturation", "type": "float", "count": 1, "values": [ 0.2 ] },
		{ "name": "ColorFilter", "type": "matrix3x3", "count": 9, "values": [ 0.5, 0.5, 0.5, 0.75, 0.75, 0.75, 0.65, 0.65, 0.65 ] },
		{ "name": "nightVision", "type": "int", "count": 1, "values": [ 0 ] }
	]
}