{
  "cam_open": {
    "subtitle": "sounds.goopyutil.cam_open",
    "sounds": [
      "goopyutil:cameras/cam_open"
    ]
  },
  "cam_close": {
    "subtitle": "sounds.goopyutil.cam_close",
    "sounds": [
      "goopyutil:cameras/cam_close"
    ]
  },
  "cam_switch": {
    "subtitle": "sounds.goopyutil.cam_switch",
    "sounds": [
      "goopyutil:cameras/cam_switch"
    ]
  },
  "cam_nv_on": {
    "subtitle": "sounds.goopyutil.cam_nv_on",
    "sounds": [
      "goopyutil:cameras/cam_nv_on"
    ]
  },
  "cam_nv_off": {
    "subtitle": "sounds.goopyutil.cam_nv_off",
    "sounds": [
      "goopyutil:cameras/cam_nv_off"
    ]
  },
  "click_press": {
    "subtitle": "sounds.goopyutil.click_press",
    "sounds": [
      "goopyutil:computer/click_press"
    ]
  },
  "click_release": {
    "subtitle": "sounds.goopyutil.click_release",
    "sounds": [
      "goopyutil:computer/click_release"
    ]
  },
  "casual_bongos": {
    "subtitle": "sounds.goopyutil.casual_bongos",
    "sounds": [
      "goopyutil:songs/casual_bongos"
    ]
  }
}