{
	"credit": "Made with Blockbench",
	"textures": {
		"0": "goopyutil:item/paintbrush"
	},
	"elements": [
		{
			"from": [5.5, 0, 7],
			"to": [10.5, 5, 9],
			"rotation": {"angle": 0, "axis": "y", "origin": [8, 0, 8]},
			"faces": {
				"north": {"uv": [0.1, 0.1, 4.9, 4.9], "texture": "#0"},
				"east": {"uv": [9.1, 0.1, 10.9, 4.9], "texture": "#0"},
				"south": {"uv": [0.1, 5.1, 4.9, 9.9], "texture": "#0"},
				"west": {"uv": [9.1, 5.1, 10.9, 9.9], "texture": "#0"},
				"up": {"uv": [4.9, 11.9, 0.1, 10.1], "texture": "#0"},
				"down": {"uv": [13.9, 10.1, 9.1, 11.9], "texture": "#0"}
			}
		},
		{
			"from": [6.5, 5, 7],
			"to": [9.5, 6, 9],
			"rotation": {"angle": 0, "axis": "y", "origin": [8, 0, 8]},
			"faces": {
				"north": {"uv": [11.1, 8.1, 13.9, 8.9], "texture": "#0"},
				"east": {"uv": [0.1, 12.1, 1.9, 12.9], "texture": "#0"},
				"south": {"uv": [11.1, 9.1, 13.9, 9.9], "texture": "#0"},
				"west": {"uv": [2.1, 12.1, 3.9, 12.9], "texture": "#0"},
				"up": {"uv": [13.9, 1.9, 11.1, 0.1], "texture": "#0"},
				"down": {"uv": [13.9, 2.1, 11.1, 3.9], "texture": "#0"}
			}
		},
		{
			"from": [7, 6, 7],
			"to": [9, 12, 9],
			"rotation": {"angle": 0, "axis": "y", "origin": [8, 0, 8]},
			"faces": {
				"north": {"uv": [5.1, 0.1, 6.9, 5.9], "texture": "#0"},
				"east": {"uv": [5.1, 6.1, 6.9, 11.9], "texture": "#0"},
				"south": {"uv": [7.1, 0.1, 8.9, 5.9], "texture": "#0"},
				"west": {"uv": [7.1, 6.1, 8.9, 11.9], "texture": "#0"},
				"up": {"uv": [12.9, 5.9, 11.1, 4.1], "texture": "#0"},
				"down": {"uv": [12.9, 6.1, 11.1, 7.9], "texture": "#0"}
			}
		}
	],
	"display": {
		"thirdperson_righthand": {
			"rotation": [180, 90, 0],
			"translation": [0, -1, 0]
		},
		"thirdperson_lefthand": {
			"rotation": [180, 90, 0],
			"translation": [0, -1, 0]
		},
		"firstperson_righthand": {
			"rotation": [166, 56, -11],
			"translation": [1.75, 0, 0]
		},
		"firstperson_lefthand": {
			"rotation": [166, 56, -11],
			"translation": [1.75, 0, 0]
		},
		"ground": {
			"rotation": [90, 0, 0],
			"translation": [0, -2, 0.75],
			"scale": [0.65, 0.65, 0.65]
		},
		"gui": {
			"rotation": [14, -175, -173],
			"translation": [0, -1.5, 0],
			"scale": [0.85, 0.85, 0.85]
		},
		"head": {
			"rotation": [90, 0, 45],
			"translation": [-1.5, 7.5, 1.5]
		},
		"fixed": {
			"rotation": [0, 0, 180],
			"translation": [0, -2.25, 0],
			"scale": [1.2, 1.2, 1.2]
		}
	},
	"groups": [
		{
			"name": "PaintBrush",
			"origin": [8, 11, 8],
			"color": 0,
			"nbt": "{}",
			"children": [
				{
					"name": "Brush",
					"origin": [8, 5, 8],
					"color": 0,
					"nbt": "{}",
					"children": [0]
				},
				1,
				2
			]
		}
	]
}