{
	"parent": "goopyutil:item/tablet",
	"display": {
		"thirdperson_righthand": {
			"rotation": [94, 0, 0],
			"translation": [-5.5, 2.25, 8]
		},
		"thirdperson_lefthand": {
			"rotation": [94, 0, 0],
			"translation": [-5.5, 2.25, 8]
		},
		"firstperson_righthand": {
			"rotation": [82, 0, 0],
			"translation": [-9, 2, 12]
		},
		"firstperson_lefthand": {
			"rotation": [82, 0, 0],
			"translation": [-9.085, 2, 12]
		},
		"ground": {
			"translation": [0, 4, 0],
			"scale": [0.75, 0.75, 0.75]
		},
		"gui": {
			"rotation": [69, -12, -16],
			"translation": [2, 2, 0]
		},
		"head": {
			"rotation": [90, 0, 0],
			"translation": [0, 0, 2],
			"scale": [1.2, 1.2, 1.2]
		},
		"fixed": {
			"rotation": [-90, 0, 0],
			"translation": [0, 0, -14],
			"scale": [2, 2, 2]
		}
	}
}