{
	"parent": "goopyutil:item/tablet",
	"texture_size": [64, 64],
	"textures": {
		"0": "goopyutil:item/security_monitor_on",
		"particle": "goopyutil:item/security_monitor_on"
	},
	"display": {
		"thirdperson_righthand": {
			"translation": [-4, -1.25, 5.5]
		},
		"thirdperson_lefthand": {
			"translation": [-4, -1.25, 5.5]
		},
		"firstperson_righthand": {
			"translation": [-9.05, 0.75, 10],
			"scale": [0.68, 0.68, 0.68]
		},
		"firstperson_lefthand": {
			"translation": [-9.05, 0.75, 10],
			"scale": [0.68, 0.68, 0.68]
		},
		"ground": {
			"rotation": [-90, 0, 0],
			"translation": [0, 1.5, 3.25],
			"scale": [0.75, 0.75, 0.75]
		},
		"gui": {
			"rotation": [-20, -12, -16],
			"translation": [-2, -2.5, 0]
		},
		"head": {
			"translation": [0, -5.25, -2],
			"scale": [1.2, 1.2, 1.2]
		},
		"fixed": {
			"rotation": [0, 180, 0],
			"translation": [0, -8, -10],
			"scale": [2, 2, 2]
		}
	}
}