{
	"credit": "Made with Blockbench",
	"textures": {
		"0": "goopyutil:item/tapemeasure",
		"particle": "goopyutil:item/tapemeasure"
	},
	"elements": [
		{
			"from": [7, 4, 6],
			"to": [9, 8, 10],
			"rotation": {"angle": 0, "axis": "y", "origin": [8, 6, 8]},
			"faces": {
				"north": {"uv": [4, 0, 6, 4], "texture": "#0"},
				"east": {"uv": [0, 0, 4, 4], "texture": "#0"},
				"south": {"uv": [4, 4, 6, 8], "texture": "#0"},
				"west": {"uv": [0, 4, 4, 8], "texture": "#0"},
				"up": {"uv": [8, 4, 6, 0], "texture": "#0"},
				"down": {"uv": [8, 4, 6, 8], "texture": "#0"}
			}
		},
		{
			"from": [7.5, 4.5, 5.75],
			"to": [8.5, 4.5, 6.75],
			"rotation": {"angle": 0, "axis": "y", "origin": [8, 6, 8]},
			"faces": {
				"north": {"uv": [0, 0, 1, 0], "texture": "#0"},
				"east": {"uv": [0, 0, 5, 0], "texture": "#0"},
				"south": {"uv": [0, 0, 1, 0], "texture": "#0"},
				"west": {"uv": [0, 0, 5, 0], "texture": "#0"},
				"up": {"uv": [1, 13, 0, 12], "texture": "#0"},
				"down": {"uv": [9, 0, 8, 5], "texture": "#0"}
			}
		},
		{
			"from": [7.5, 3.5, 5.75],
			"to": [8.5, 4.5, 5.75],
			"rotation": {"angle": 0, "axis": "y", "origin": [8, 6, 8]},
			"faces": {
				"north": {"uv": [1, 8, 2, 9], "texture": "#0"},
				"east": {"uv": [0, 0, 0, 1], "texture": "#0"},
				"south": {"uv": [2, 8, 3, 9], "texture": "#0"},
				"west": {"uv": [0, 0, 0, 1], "texture": "#0"},
				"up": {"uv": [1, 0, 0, 0], "texture": "#0"},
				"down": {"uv": [1, 0, 0, 0], "texture": "#0"}
			}
		}
	],
	"display": {
		"thirdperson_righthand": {
			"rotation": [65, 0, 0],
			"translation": [0, 0, 1.25]
		},
		"thirdperson_lefthand": {
			"rotation": [65, 0, 0],
			"translation": [0, 0, 1.25]
		},
		"firstperson_righthand": {
			"rotation": [-4, 0, 0],
			"translation": [-2.37, 6.45, 5.13]
		},
		"firstperson_lefthand": {
			"rotation": [-4, 0, 0],
			"translation": [-2.37, 6.45, 5.13]
		},
		"ground": {
			"translation": [0, 2, 0]
		},
		"gui": {
			"rotation": [11, -123, 24],
			"translation": [-1.25, 3, 0],
			"scale": [1.25, 1.25, 1.25]
		},
		"head": {
			"translation": [0, 15.25, 11],
			"scale": [2.5, 2.5, 2.5]
		},
		"fixed": {
			"rotation": [0, 90, 0],
			"translation": [2.5, 2.5, -1.25],
			"scale": [1.2, 1.2, 1.2]
		}
	},
	"groups": [
		{
			"name": "group",
			"origin": [8, 8, 8],
			"color": 0,
			"nbt": "{}",
			"children": [0, 1, 2]
		}
	],
    "overrides": [
        { "predicate": { "used": 0 }, "model": "goopyutil:item/tapemeasure" },
        { "predicate": { "used": 1 }, "model": "goopyutil:item/tapemeasure_use" }
	]

}