{
	"credit": "Made with Blockbench",
	"texture_size": [32, 32],
	"textures": {
		"1": "goopyutil:item/wrench"
	},
	"elements": [
		{
			"from": [7, 13, 4],
			"to": [9, 15, 10],
			"rotation": {"angle": 0, "axis": "y", "origin": [8.5, 15, 7.25]},
			"faces": {
				"north": {"uv": [6.05, 5.55, 6.95, 6.45], "texture": "#1"},
				"east": {"uv": [2.05, 3.55, 4.95, 4.45], "texture": "#1"},
				"south": {"uv": [6.55, 1.05, 7.45, 1.95], "texture": "#1"},
				"west": {"uv": [4.05, 0.05, 6.95, 0.95], "texture": "#1"},
				"up": {"uv": [2.95, 7.45, 2.05, 4.55], "texture": "#1"},
				"down": {"uv": [3.95, 4.55, 3.05, 7.45], "texture": "#1"}
			}
		},
		{
			"from": [7.5, 2, 7],
			"to": [8.5, 14, 9],
			"rotation": {"angle": 0, "axis": "y", "origin": [2.5, -18, 16]},
			"faces": {
				"north": {"uv": [4.05, 4.55, 4.45, 10.45], "texture": "#1"},
				"east": {"uv": [0.05, 0.05, 0.95, 5.95], "texture": "#1"},
				"south": {"uv": [4.55, 4.55, 4.95, 10.45], "texture": "#1"},
				"west": {"uv": [1.05, 0.05, 1.95, 5.95], "texture": "#1"},
				"up": {"uv": [6.95, 3.95, 6.55, 3.05], "texture": "#1"},
				"down": {"uv": [7.45, 0.05, 7.05, 0.95], "texture": "#1"}
			}
		},
		{
			"from": [7, 7, 5.5],
			"to": [9, 8, 9.5],
			"rotation": {"angle": 0, "axis": "y", "origin": [2.5, -18, 16]},
			"faces": {
				"north": {"uv": [4.05, 3.05, 4.95, 3.45], "texture": "#1"},
				"east": {"uv": [6.55, 2.05, 8.45, 2.45], "texture": "#1"},
				"south": {"uv": [6.55, 4.05, 7.45, 4.45], "texture": "#1"},
				"west": {"uv": [6.55, 2.55, 8.45, 2.95], "texture": "#1"},
				"up": {"uv": [4.95, 2.95, 4.05, 1.05], "texture": "#1"},
				"down": {"uv": [0.95, 6.05, 0.05, 7.95], "texture": "#1"}
			}
		},
		{
			"from": [7, 11, 4],
			"to": [9, 12, 10],
			"rotation": {"angle": 0, "axis": "y", "origin": [8, 11.5, 7.5]},
			"faces": {
				"north": {"uv": [7.55, 4.05, 8.45, 4.45], "texture": "#1"},
				"east": {"uv": [6.05, 4.55, 8.95, 4.95], "texture": "#1"},
				"south": {"uv": [7.55, 5.55, 8.45, 5.95], "texture": "#1"},
				"west": {"uv": [6.05, 5.05, 8.95, 5.45], "texture": "#1"},
				"up": {"uv": [5.95, 3.95, 5.05, 1.05], "texture": "#1"},
				"down": {"uv": [5.95, 4.05, 5.05, 6.95], "texture": "#1"}
			}
		},
		{
			"from": [7.5, 7, 6],
			"to": [8.5, 11, 7],
			"rotation": {"angle": 45, "axis": "y", "origin": [8, 9.5, 6.5]},
			"faces": {
				"north": {"uv": [7.55, 0.05, 7.95, 1.95], "texture": "#1"},
				"east": {"uv": [2.05, 7.55, 2.45, 9.45], "texture": "#1"},
				"south": {"uv": [2.55, 7.55, 2.95, 9.45], "texture": "#1"},
				"west": {"uv": [3.05, 7.55, 3.45, 9.45], "texture": "#1"},
				"up": {"uv": [7.95, 6.95, 7.55, 6.55], "texture": "#1"},
				"down": {"uv": [7.45, 7.55, 7.05, 7.95], "texture": "#1"}
			}
		},
		{
			"name": "extra",
			"from": [7, 16, 9.5],
			"to": [8, 20, 10.5],
			"rotation": {"angle": 0, "axis": "y", "origin": [2.5, -18, 16]},
			"faces": {
				"north": {"uv": [6.55, 6.55, 6.95, 8.45], "texture": "#1"},
				"east": {"uv": [5.05, 7.05, 5.45, 8.95], "texture": "#1"},
				"south": {"uv": [5.55, 7.05, 5.95, 8.95], "texture": "#1"},
				"west": {"uv": [7.05, 5.55, 7.45, 7.45], "texture": "#1"},
				"up": {"uv": [3.95, 7.95, 3.55, 7.55], "texture": "#1"},
				"down": {"uv": [7.95, 6.05, 7.55, 6.45], "texture": "#1"}
			}
		},
		{
			"name": "extra",
			"from": [8, 17, 9],
			"to": [8, 21, 10],
			"rotation": {"angle": 0, "axis": "y", "origin": [2.5, -18, 16]},
			"faces": {
				"north": {"uv": [0.05, 0.05, 0.05, 1.95], "texture": "#1"},
				"east": {"uv": [1.55, 6.05, 1.95, 7.95], "texture": "#1"},
				"south": {"uv": [0.05, 0.05, 0.05, 1.95], "texture": "#1"},
				"west": {"uv": [1.55, 6.05, 1.95, 7.95], "texture": "#1"},
				"up": {"uv": [0.05, 0.45, 0.05, 0.05], "texture": "#1"},
				"down": {"uv": [0.05, 0.05, 0.05, 0.45], "texture": "#1"}
			}
		},
		{
			"name": "extra",
			"from": [7.5, 10, 9],
			"to": [8.5, 17, 11],
			"rotation": {"angle": 0, "axis": "y", "origin": [2.5, -18, 16]},
			"faces": {
				"north": {"uv": [1.05, 6.05, 1.45, 9.45], "texture": "#1"},
				"east": {"uv": [2.05, 0.05, 2.95, 3.45], "texture": "#1"},
				"south": {"uv": [6.05, 1.05, 6.45, 4.45], "texture": "#1"},
				"west": {"uv": [3.05, 0.05, 3.95, 3.45], "texture": "#1"},
				"up": {"uv": [7.45, 3.95, 7.05, 3.05], "texture": "#1"},
				"down": {"uv": [7.95, 3.05, 7.55, 3.95], "texture": "#1"}
			}
		}
	],
	"display": {
		"thirdperson_righthand": {
			"translation": [0, 1.25, 0]
		},
		"thirdperson_lefthand": {
			"translation": [0, 1.25, 0]
		},
		"firstperson_righthand": {
			"rotation": [0, 25, 0]
		},
		"firstperson_lefthand": {
			"rotation": [0, 25, 0]
		},
		"ground": {
			"rotation": [0, 0, 90],
			"translation": [0, -1, 0],
			"scale": [0.5, 0.5, 0.5]
		},
		"gui": {
			"rotation": [18, -120, 19],
			"translation": [0, -2.25, 0],
			"scale": [0.7, 0.7, 0.7]
		},
		"head": {
			"rotation": [-29.17, -12.51, 33.47],
			"translation": [5.75, 2.5, 7.75]
		},
		"fixed": {
			"rotation": [0, 90, 0],
			"translation": [0, -3.5, 0]
		}
	},
	"groups": [
		{
			"name": "Wrench",
			"origin": [8, 6, 8],
			"color": 0,
			"nbt": "{}",
			"children": [
				{
					"name": "Jaw",
					"origin": [8, 14, 8],
					"color": 0,
					"nbt": "{}",
					"children": [0]
				},
				1,
				2,
				3,
				4,
				5,
				6,
				7
			]
		}
	]
}