{
	"format_version": "1.12.0",
	"minecraft:geometry": [
		{
			"description": {
				"identifier": "geometry.zephyr",
				"texture_width": 64,
				"texture_height": 64,
				"visible_bounds_width": 3,
				"visible_bounds_height": 3.5,
				"visible_bounds_offset": [0, 1.25, 0]
			},
			"bones": [
				{
					"name": "Body",
					"pivot": [0, 0, 0]
				},
				{
					"name": "Torso",
					"parent": "Body",
					"pivot": [0, 12, 0],
					"cubes": [
						{"origin": [-1, 18, -1], "size": [2, 2, 2], "uv": [40, 30]},
						{"origin": [-3, 11, -2], "size": [6, 7, 4], "uv": [14, 19]},
						{"origin": [-3, 17, 2], "size": [6, 1, 1], "uv": [26, 7]}
					]
				},
				{
					"name": "Head",
					"parent": "Torso",
					"pivot": [0, 19, 0],
					"cubes": [
						{"origin": [-3, 19, -3.5], "size": [6, 2, 6], "uv": [0, 11]},
						{"origin": [-3.5, 21, -3], "size": [7, 5, 6], "uv": [0, 0]},
						{"origin": [2.5, 18, -0.75], "size": [3, 10, 0], "pivot": [4, 24, -1], "rotation": [0, -35, 0], "uv": [0, 19]},
						{"origin": [-3.5, 25.75, -0.55], "size": [7, 3, 0], "pivot": [2, 27.5, -0.75], "rotation": [-35, 0, 0], "uv": [35, 11]},
						{"origin": [-3.5, 20.49265, 3.23172], "size": [7, 5, 0], "pivot": [0, 22.84265, 3.03172], "rotation": [5, 0, 0], "uv": [35, 14]},
						{"origin": [-3.5, 18.50536, 3.03722], "size": [7, 5, 0], "pivot": [0, 20.85536, 2.83722], "rotation": [5, 0, 0], "uv": [18, 42]},
						{"origin": [-5.5, 18, -0.75], "size": [3, 10, 0], "pivot": [-4, 24, -1], "rotation": [0, 35, 0], "uv": [6, 19], "mirror": true}
					]
				},
				{
					"name": "SleepingEyes",
					"parent": "Head",
					"pivot": [0, 23, -2.025],
					"cubes": [
						{"origin": [-3.5, 21, -2.025], "size": [7, 4, 0], "uv": [0, 43]}
					]
				},
				{
					"name": "RightArm",
					"parent": "Torso",
					"pivot": [-3, 17, 0],
					"cubes": [
						{"origin": [-7, 16, -1], "size": [4, 2, 2], "uv": [24, 37]}
					]
				},
				{
					"name": "RightLowerArm",
					"parent": "RightArm",
					"pivot": [-7, 17, 0],
					"cubes": [
						{"origin": [-10, 16, -1], "size": [3, 2, 2], "inflate": -0.02, "uv": [38, 7]}
					]
				},
				{
					"name": "RightHand",
					"parent": "RightLowerArm",
					"pivot": [-10, 17, 0],
					"cubes": [
						{"origin": [-12, 16, -1.5], "size": [2, 2, 3], "uv": [33, 39]}
					]
				},
				{
					"name": "RightThumb",
					"parent": "RightHand",
					"pivot": [-10.5, 17.5, -1.5],
					"cubes": [
						{"origin": [-11, 17, -3.5], "size": [1, 1, 2], "uv": [0, 3]}
					]
				},
				{
					"name": "RightFingers",
					"parent": "RightHand",
					"pivot": [-12, 17.5, -1],
					"cubes": [
						{"origin": [-14, 17, -1.5], "size": [2, 1, 1], "uv": [18, 15]}
					]
				},
				{
					"name": "RightFingers2",
					"parent": "RightHand",
					"pivot": [-12, 17.5, 0],
					"cubes": [
						{"origin": [-14, 17, -0.5], "size": [2, 1, 1], "uv": [18, 13]}
					]
				},
				{
					"name": "RightFingers3",
					"parent": "RightHand",
					"pivot": [-12, 17.5, 1],
					"cubes": [
						{"origin": [-14, 17, 0.5], "size": [2, 1, 1], "uv": [18, 11]}
					]
				},
				{
					"name": "LeftArm",
					"parent": "Torso",
					"pivot": [3, 17, 0],
					"cubes": [
						{"origin": [3, 16, -1], "size": [4, 2, 2], "uv": [34, 26]}
					]
				},
				{
					"name": "LeftLowerArm",
					"parent": "LeftArm",
					"pivot": [7, 17, 0],
					"cubes": [
						{"origin": [7, 16, -1], "size": [3, 2, 2], "inflate": -0.02, "uv": [20, 0]}
					]
				},
				{
					"name": "LeftHand",
					"parent": "LeftLowerArm",
					"pivot": [10, 17, 0],
					"cubes": [
						{"origin": [10, 16, -1.5], "size": [2, 2, 3], "uv": [37, 34]}
					]
				},
				{
					"name": "LeftThumb",
					"parent": "LeftHand",
					"pivot": [10.5, 17.5, -1.5],
					"cubes": [
						{"origin": [10, 17, -3.5], "size": [1, 1, 2], "uv": [0, 0]}
					]
				},
				{
					"name": "LeftFingers",
					"parent": "LeftHand",
					"pivot": [12, 17.5, -1],
					"cubes": [
						{"origin": [12, 17, -1.5], "size": [2, 1, 1], "uv": [0, 15]}
					]
				},
				{
					"name": "LeftFingers2",
					"parent": "LeftHand",
					"pivot": [12, 17.5, 0],
					"cubes": [
						{"origin": [12, 17, -0.5], "size": [2, 1, 1], "uv": [0, 13]}
					]
				},
				{
					"name": "LeftFingers3",
					"parent": "LeftHand",
					"pivot": [12, 17.5, 1],
					"cubes": [
						{"origin": [12, 17, 0.5], "size": [2, 1, 1], "uv": [0, 11]}
					]
				},
				{
					"name": "Knife",
					"parent": "LeftHand",
					"pivot": [11.5, 15.95, -2],
					"cubes": [
						{"origin": [10.5, 18.05, -1.5], "size": [2, 0, 7], "pivot": [10, 17, 0], "rotation": [180, 0, 0], "uv": [7, 42]}
					]
				},
				{
					"name": "Pelvis",
					"parent": "Body",
					"pivot": [0, 12, 0.5],
					"cubes": [
						{"origin": [-3.5, 9, -1.5], "size": [7, 3, 4], "uv": [26, 0]}
					]
				},
				{
					"name": "RightLeg",
					"parent": "Pelvis",
					"pivot": [-2, 9, 0],
					"cubes": [
						{"origin": [-3.5, 5, -1.5], "size": [3, 4, 3], "uv": [34, 19]}
					]
				},
				{
					"name": "RightLowerLeg",
					"parent": "RightLeg",
					"pivot": [-2, 5, 0],
					"cubes": [
						{"origin": [-3.5, 2, -1.5], "size": [3, 3, 3], "inflate": -0.02, "uv": [12, 36]}
					]
				},
				{
					"name": "RightFoot",
					"parent": "RightLowerLeg",
					"pivot": [-2, 2, 0],
					"cubes": [
						{"origin": [-3.5, 0, -2.5], "size": [3, 2, 4], "uv": [14, 30]}
					]
				},
				{
					"name": "LeftLeg",
					"parent": "Pelvis",
					"pivot": [2, 9, 0],
					"cubes": [
						{"origin": [0.5, 5, -1.5], "size": [3, 4, 3], "uv": [28, 30]}
					]
				},
				{
					"name": "LeftLowerLeg",
					"parent": "LeftLeg",
					"pivot": [2, 5, 0],
					"cubes": [
						{"origin": [0.5, 2, -1.5], "size": [3, 3, 3], "inflate": -0.02, "uv": [0, 35]}
					]
				},
				{
					"name": "LeftFoot",
					"parent": "LeftLowerLeg",
					"pivot": [2, 2, 0],
					"cubes": [
						{"origin": [0.5, 0, -2.5], "size": [3, 2, 4], "uv": [0, 29]}
					]
				},
				{
					"name": "camera",
					"pivot": [0, 0, 0]
				}
			]
		}
	]
}