{
	"schemaVersion": 1,
	"id": "goopyutil",
	"version": "${version}",
	"name": "GoopyUtil",
	"description": "This is a Utility mod mainly used to implement more complex behaviors into Minecraft Mods mainly related to Five Nights at Freddy's.",
	"authors": [
		"ZephyrOff"
	],
	"contact": {
		"homepage": "https://fabricmc.net/",
		"sources": "https://github.com/FabricMC/fabric-example-mod"
	},
	"license": "ARR",
	"icon": "assets/goopyutil/icon.png",
	"environment": "*",
	"entrypoints": {
		"main": [
			"net.zephyr.goopyutil.GoopyUtil"
		],
		"client": [
			"net.zephyr.goopyutil.GoopyUtilClient"
		],
		"fabric-datagen": [
			"net.zephyr.goopyutil.GoopyUtilDataGenerator"
		]
	},
	"mixins": [
		"goopyutil.mixins.json"
	],
	"depends": {
		"fabricloader": ">=0.15.11",
		"minecraft": "~1.21",
		"java": ">=21",
		"fabric-api": "*"
	},
	"suggests": {
		"another-mod": "*"
	},

	"accessWidener" : "goopyutil.accesswidener"
}